topic,word,weight
1,african,707
1,africa,552
1,archaeological,322
1,archaeology,271
1,university,249
1,journal,220
1,east,185
1,research,180
1,age,159
1,new,147
1,west,145
1,usa,140
1,springer,129
1,stone,121
1,early,117
1,iron,112
1,history,107
1,mclntosh,102
1,south,101
1,sites,96
1,com,94
1,robertshaw,94
1,london,92
1,recent,82
1,origins,74
1,eastern,73
1,central,72
1,southern,72
1,www,71
1,akuma,71
1,nyame,69
1,first,68
1,review,65
1,york,61
1,sinclair,61
1,niger,60
1,science,59
1,use,58
1,years,57
1,towns,57
1,work,56
1,field,55
1,kusimba,54
1,later,53
1,technology,53
1,shaw,52
1,smith,51
1,illinois,50
1,current,50
1,development,50
2,peru,1253
2,moche,1063
2,andean,1023
2,tiwanaku,994
2,university,970
2,andes,969
2,eds,728
2,valley,699
2,inca,645
2,state,628
2,early,604
2,sites,523
2,settlement,523
2,press,519
2,late,515
2,coast,471
2,inka,471
2,south,466
2,central,458
2,political,429
2,archaeology,370
2,period,370
2,southern,367
2,region,367
2,washington,359
2,anthropology,346
2,stanish,346
2,north,344
2,site,342
2,northern,340
2,wari,339
2,local,338
2,formative,335
2,basin,334
2,titicaca,322
2,patterns,315
2,kolata,307
2,lima,301
2,regional,291
2,ritual,286
2,chile,286
2,complex,285
2,coastal,282
2,areas,281
2,cultural,281
2,architecture,281
2,history,275
2,bolivia,274
2,empire,268
2,society,263
3,southwest,1042
3,arizona,830
3,university,699
3,new,682
3,american,675
3,press,646
3,mexico,637
3,chaco,637
3,mimbres,603
3,eds,528
3,archaeology,475
3,research,469
3,archaeological,462
3,tucson,457
3,pueblo,453
3,southwestern,451
3,hohokam,448
3,prehistoric,403
3,regional,364
3,canyon,342
3,organization,308
3,region,284
3,abandonment,282
3,fish,267
3,anasazi,266
3,period,261
3,basin,258
3,classic,255
3,social,253
3,great,249
3,anthropological,247
3,area,245
3,sites,241
3,systems,240
3,early,229
3,prehistory,229
3,albuquerque,221
3,ritual,220
3,northern,220
3,late,219
3,site,209
3,ceramic,208
3,anthropology,203
3,kiva,201
3,settlement,200
3,chacoan,198
3,lekson,193
3,hegmon,193
3,state,187
3,pottery,185
4,time,2997
4,two,1827
4,first,1595
4,case,1448
4,general,1200
4,long,1167
4,few,1165
4,part,1156
4,less,1083
4,view,1074
4,nature,1070
4,possible,1047
4,similar,1029
4,least,968
4,another,960
4,earlier,947
4,later,900
4,perhaps,899
4,suggests,899
4,present,897
4,various,896
4,three,887
4,based,877
4,made,873
4,often,873
4,several,838
4,given,826
4,others,813
4,still,796
4,common,789
4,process,763
4,known,758
4,level,758
4,further,745
4,terms,714
4,probably,709
4,major,707
4,related,700
4,development,691
4,times,682
4,origins,679
4,especially,664
4,clear,662
4,forms,654
4,types,624
4,form,623
4,suggest,618
4,developed,616
4,range,614
4,natural,611
5,art,652
5,evolution,373
5,human,356
5,evolutionary,350
5,transmission,246
5,paleolithic,235
5,cambridge,230
5,cave,228
5,press,206
5,eds,201
5,information,199
5,language,186
5,prehistoric,165
5,culture,157
5,archaeol,152
5,selection,149
5,variation,144
5,paris,136
5,anthropology,124
5,social,119
5,palaeolithic,118
5,mind,113
5,behavior,112
5,cognitive,109
5,humans,107
5,springer,105
5,rock,105
5,tools,100
5,res,98
5,portable,96
5,traits,93
5,activities,90
5,intelligence,90
5,used,89
5,images,84
5,during,82
5,history,80
5,found,80
5,technology,80
5,current,78
5,number,76
5,brien,76
5,origins,74
5,natural,74
5,techniques,72
5,space,71
5,oxford,71
5,including,69
5,caves,68
5,technique,68
6,asia,343
6,southeast,341
6,archaeology,334
6,sites,324
6,bronze,316
6,archaeological,284
6,cities,281
6,early,280
6,urban,267
6,ancient,220
6,region,186
6,springer,180
6,bc,179
6,age,177
6,archaeol,175
6,res,175
6,population,175
6,loa,175
6,asian,169
6,yunnan,169
6,evidence,164
6,china,160
6,city,154
6,south,143
6,construction,141
6,neolithic,140
6,university,139
6,central,138
6,higham,137
6,river,135
6,found,133
6,thailand,132
6,first,130
6,prehistoric,128
6,press,125
6,india,125
6,research,123
6,gates,116
6,fortifications,111
6,centers,109
6,urbanism,104
6,two,103
6,walls,102
6,military,101
6,during,99
6,indus,98
6,area,95
6,stone,95
6,century,95
6,bastions,95
7,ancient,1497
7,classic,1279
7,university,1261
7,press,1125
7,eds,899
7,copan,709
7,belize,661
7,archaeology,644
7,new,540
7,postclassic,524
7,guatemala,492
7,city,467
7,mexico,425
7,mesoamerica,419
7,latin,413
7,lowlands,408
7,chase,407
7,late,395
7,collapse,395
7,evidence,388
7,research,336
7,american,330
7,lowland,299
7,honduras,290
7,archaeological,284
7,early,283
7,terminal,277
7,rice,273
7,tikal,273
7,anthropology,272
7,texas,261
7,austin,249
7,washington,248
7,webster,243
7,preclassic,241
7,royal,235
7,antiquity,231
7,site,229
7,settlement,229
7,northern,224
7,state,221
7,sites,219
7,central,215
7,history,205
7,albuquerque,202
7,people,197
7,valley,194
7,period,193
7,salt,191
7,region,190
8,mexico,676
8,city,584
8,formative,419
8,guatemala,403
8,historia,378
8,antropología,351
8,eds,335
8,central,322
8,instituto,320
8,teotihuacan,306
8,early,301
8,puebla,301
8,nacional,288
8,university,285
8,plunket,256
8,phase,235
8,late,234
8,mesoamerica,213
8,during,208
8,period,202
8,press,198
8,ceramic,196
8,region,192
8,ceramics,192
8,evidence,176
8,mastache,173
8,springer,172
8,res,171
8,two,169
8,archaeol,168
8,cholula,164
8,uruñuela,164
8,settlement,158
8,basin,145
8,recent,143
8,highlands,141
8,middle,137
8,tollan,136
8,tetimpa,133
8,investigaciones,131
8,mesoamerican,130
8,méxico,129
8,coast,128
8,southern,127
8,cobean,127
8,area,119
8,ancient,119
8,postclassic,118
8,aztec,117
8,production,114
9,ceramic,1153
9,pottery,591
9,production,427
9,university,382
9,egypt,368
9,press,327
9,ethnoarchaeology,304
9,eds,288
9,ceramics,243
9,predynastic,238
9,ethnoarchaeological,237
9,early,161
9,egyptian,160
9,skibo,160
9,longacre,158
9,style,152
9,nagada,145
9,stark,144
9,rice,135
9,anthropology,128
9,study,124
9,technology,124
9,potters,123
9,region,122
9,recent,119
9,kramer,119
9,ancient,116
9,society,115
9,material,111
9,materials,109
9,pots,107
9,vessels,105
9,upper,101
9,archaeology,99
9,culture,97
9,vessel,97
9,standardization,96
9,kalinga,95
9,hierakonpolis,94
9,technological,93
9,london,92
9,change,86
9,techniques,86
9,specialization,85
9,delta,85
9,museum,83
9,clay,81
9,function,79
9,south,78
9,different,78
10,california,1467
10,coast,758
10,archaeology,655
10,archaeological,538
10,great,517
10,early,477
10,basin,465
10,sites,407
10,holocene,403
10,press,401
10,coastal,393
10,university,381
10,aquatic,357
10,prehistoric,354
10,american,351
10,research,341
10,journal,324
10,anthropology,324
10,eds,320
10,resources,285
10,site,281
10,late,275
10,southern,272
10,complexity,270
10,years,262
10,antiquity,261
10,erlandson,258
10,prehistory,257
10,marine,256
10,jones,256
10,period,254
10,north,253
10,use,251
10,shell,251
10,archaic,251
10,northwest,248
10,cultural,242
10,pacific,241
10,adaptations,225
10,islands,223
10,san,218
10,northern,214
10,island,213
10,subsistence,203
10,fish,201
10,region,199
10,lake,196
10,data,196
10,utah,181
10,evidence,177
11,age,647
11,iron,610
11,europe,412
11,roman,405
11,eds,340
11,new,262
11,identity,225
11,late,224
11,early,196
11,celtic,189
11,central,188
11,bronze,178
11,oxford,175
11,objects,159
11,ritual,148
11,wells,142
11,period,141
11,european,140
11,evidence,136
11,during,135
11,sites,132
11,communities,117
11,century,117
11,graves,116
11,germany,115
11,archaeological,114
11,london,110
11,tene,107
11,study,106
11,settlement,105
11,later,104
11,peoples,104
11,settlements,99
11,prehistory,96
11,prehistoric,94
11,celts,93
11,archaeology,90
11,change,88
11,stuttgart,87
11,oppida,86
11,recent,85
11,frontier,84
11,britain,84
11,southern,83
11,pottery,82
11,manching,82
11,first,79
11,local,78
11,region,78
11,burial,77
12,archaeological,7543
12,archaeology,4375
12,research,4136
12,new,3650
12,analysis,2767
12,studies,2722
12,theory,2263
12,american,2205
12,data,2201
12,world,2151
12,journal,1954
12,antiquity,1774
12,study,1711
12,archaeologists,1559
12,work,1535
12,recent,1490
12,use,1449
12,past,1411
12,approaches,1327
12,review,1251
12,field,1234
12,example,1155
12,approach,1123
12,record,1120
12,science,1072
12,theoretical,925
12,current,891
12,issues,878
12,context,843
12,perspective,838
12,york,787
12,method,747
12,models,746
12,literature,743
12,interpretation,737
12,role,710
12,questions,695
12,anthropological,679
12,important,673
12,model,665
12,prehistoric,653
12,perspectives,652
12,papers,642
12,focus,635
12,formation,631
12,cambridge,603
12,interest,594
12,series,585
12,problems,555
12,provide,552
13,caribbean,650
13,archaeology,536
13,puerto,465
13,international,317
13,eds,310
13,proceedings,281
13,congress,273
13,antilles,244
13,west,201
13,university,199
13,caribe,196
13,san,194
13,keegan,193
13,press,180
13,islands,179
13,rouse,161
13,site,158
13,archaeological,156
13,new,144
13,barbados,143
13,rodríguez,140
13,island,130
13,association,127
13,sites,123
13,saladoid,123
13,pottery,122
13,cuba,121
13,alegría,119
13,culture,117
13,estudios,117
13,centro,115
13,societies,114
13,avanzados,114
13,cultural,113
13,historical,112
13,veloz,109
13,florida,108
13,maggiolo,107
13,lesser,106
13,hispaniola,106
13,early,105
13,indian,105
13,museum,103
13,indies,100
13,taino,98
13,ceramic,96
13,gainesville,93
13,period,93
13,spanish,92
13,first,89
14,landscape,1659
14,regional,1178
14,patterns,1022
14,cultural,923
14,settlement,821
14,pattern,819
14,landscapes,769
14,human,706
14,variation,677
14,survey,614
14,scale,556
14,environmental,551
14,space,504
14,environment,448
14,spatial,435
14,change,398
14,comparative,364
14,places,356
14,population,348
14,regions,338
14,place,325
14,relationships,322
14,area,307
14,people,297
14,ecology,288
14,communities,285
14,relationship,279
14,cases,278
14,different,274
14,environments,258
14,valley,248
14,region,240
14,density,237
14,ember,235
14,using,224
14,ethnographic,222
14,data,221
14,academic,217
14,community,213
14,comparison,207
14,understanding,204
14,resources,199
14,features,199
14,results,199
14,knowledge,197
14,interactions,191
14,complexity,190
14,particular,187
14,surveys,184
14,ecological,183
15,mississippian,1184
15,university,836
15,southeastern,807
15,archaeology,792
15,mound,776
15,cahokia,739
15,mounds,678
15,archaeological,579
15,press,552
15,southeast,502
15,american,488
15,site,461
15,alabama,407
15,pauketat,403
15,mississippi,377
15,eds,330
15,platform,329
15,early,325
15,illinois,317
15,late,282
15,south,271
15,research,266
15,florida,265
15,tuscaloosa,262
15,georgia,241
15,etowah,238
15,london,221
15,sites,221
15,political,212
15,north,205
15,complex,202
15,valley,201
15,anthropology,198
15,evidence,197
15,southern,189
15,prehistoric,185
15,period,185
15,studies,176
15,social,173
15,department,167
15,history,166
15,phase,165
15,smith,163
15,jr,160
15,chiefdoms,160
15,paper,158
15,recent,157
15,hally,153
15,study,151
15,carolina,150
16,maize,1056
16,agriculture,1004
16,food,725
16,plant,700
16,agricultural,584
16,press,525
16,plants,495
16,domestication,474
16,production,458
16,university,392
16,new,374
16,wild,352
16,subsistence,325
16,farming,312
16,societies,303
16,evidence,276
16,eds,269
16,change,262
16,domesticated,262
16,human,261
16,anthropology,252
16,species,249
16,american,241
16,prehistoric,241
16,foraging,235
16,use,231
16,eastern,219
16,economic,219
16,smith,215
16,economies,212
16,ancient,211
16,science,199
16,consumption,191
16,cultivation,190
16,journal,188
16,york,184
16,diet,184
16,systems,182
16,america,179
16,crop,177
16,indigenous,175
16,early,166
16,north,163
16,hastorf,162
16,valley,159
16,world,155
16,region,155
16,middle,154
16,evolution,144
16,domesticates,144
17,colonial,674
17,archaeology,565
17,warfare,518
17,spanish,509
17,war,418
17,press,407
17,indigenous,379
17,evidence,369
17,historical,365
17,university,339
17,new,329
17,res,321
17,archaeol,320
17,american,315
17,springer,286
17,conflict,277
17,historic,265
17,eds,256
17,violence,218
17,european,204
17,culture,199
17,trauma,196
17,human,188
17,archaeological,183
17,contact,179
17,native,179
17,san,171
17,north,167
17,florida,165
17,remains,165
17,conquest,159
17,settlements,158
17,early,156
17,america,150
17,during,150
17,change,149
17,sites,148
17,populations,148
17,defensive,143
17,mission,140
17,world,138
17,time,132
17,military,128
17,region,126
17,colonialism,123
17,history,121
17,population,120
17,battlefield,120
17,social,116
17,late,114
18,archaeology,712
18,eds,525
18,food,484
18,aegean,449
18,age,425
18,university,401
18,bronze,398
18,press,355
18,mycenaean,338
18,studies,318
18,animals,278
18,ritual,254
18,greece,239
18,animal,238
18,political,234
18,minoan,230
18,status,222
18,mediterranean,221
18,remains,212
18,liège,211
18,oxford,208
18,evidence,207
18,early,201
18,springer,192
18,archaeol,182
18,res,182
18,ancient,180
18,feasting,176
18,use,171
18,palace,167
18,crete,166
18,late,165
18,state,155
18,regional,150
18,economic,150
18,survey,148
18,society,147
18,cambridge,142
18,consumption,140
18,zooarchaeology,136
18,faunal,129
18,meat,129
18,prehistory,120
18,site,118
18,athens,118
18,institute,115
18,greek,115
18,feasts,115
18,power,114
18,oxbow,114
19,journal,658
19,anthropology,460
19,human,398
19,american,397
19,bone,375
19,physical,337
19,japan,329
19,university,278
19,analysis,270
19,studies,262
19,japanese,262
19,press,252
19,eds,251
19,age,247
19,isotope,243
19,skeletal,234
19,population,198
19,prehistoric,189
19,science,181
19,cambridge,178
19,stable,173
19,ancient,168
19,study,163
19,remains,156
19,health,147
19,populations,146
19,diet,142
19,bioarchaeology,135
19,carbon,134
19,past,132
19,biological,132
19,international,129
19,evidence,128
19,york,126
19,larsen,126
19,recent,119
19,isotopes,119
19,dna,112
19,history,111
19,strontium,111
19,dental,110
19,early,108
19,sex,106
19,katzenberg,106
19,bioarchaeological,99
19,enamel,98
19,dietary,97
19,isotopie,90
19,using,83
19,methods,82
20,new,699
20,archaeology,550
20,islands,466
20,island,418
20,zealand,405
20,kirch,404
20,archaeological,382
20,pacific,376
20,polynesian,349
20,university,320
20,oceania,314
20,prehistory,290
20,journal,278
20,polynesia,254
20,prehistoric,229
20,australia,226
20,eds,224
20,australian,192
20,lapita,192
20,hawaiian,188
20,research,185
20,settlement,176
20,society,170
20,sites,152
20,hawai,152
20,evidence,148
20,weisler,145
20,site,131
20,easter,118
20,human,114
20,green,110
20,recent,106
20,auckland,105
20,studies,104
20,anthropology,104
20,springer,101
20,change,101
20,exchange,101
20,canberra,98
20,papers,96
20,association,96
20,perspectives,93
20,region,93
20,early,92
20,western,90
20,cultural,90
20,national,90
20,social,89
20,complex,78
20,south,76
21,china,388
21,oo,343
21,chinese,267
21,asia,210
21,paleolithic,209
21,upper,197
21,early,163
21,bp,149
21,steppe,131
21,springer,130
21,inner,130
21,res,126
21,archaeol,125
21,mongolia,116
21,tt,115
21,archaeology,114
21,sites,113
21,ka,112
21,empire,108
21,modern,106
21,polities,104
21,archaeological,97
21,western,96
21,cq,96
21,site,95
21,north,93
21,south,91
21,region,91
21,east,85
21,microblade,83
21,northern,80
21,xiongnu,80
21,eurasia,78
21,research,77
21,during,77
21,polity,73
21,industries,70
21,chen,70
21,mongol,69
21,late,68
21,cores,68
21,vo,68
21,central,67
21,journal,66
21,studies,65
21,dates,64
21,oc,63
21,asian,62
21,science,60
21,several,60
22,production,1721
22,exchange,1300
22,craft,882
22,trade,823
22,economy,696
22,goods,630
22,economic,552
22,economies,549
22,shell,499
22,archaeological,470
22,american,443
22,archaeology,442
22,specialization,428
22,elites,333
22,prestige,288
22,elite,281
22,journal,267
22,research,257
22,mesoamerica,235
22,distribution,222
22,ancient,218
22,used,205
22,feinman,200
22,studies,199
22,mesoamerican,199
22,papers,185
22,market,183
22,smith,182
22,brumfiel,180
22,res,177
22,power,177
22,consumption,173
22,hirth,173
22,prehistoric,160
22,obsidian,154
22,markets,152
22,antiquity,148
22,aztec,144
22,prehistory,143
22,models,143
22,ornaments,141
22,use,139
22,marine,139
22,museum,138
22,societies,137
22,ideology,135
22,material,134
22,costin,134
22,archaeologists,132
22,specialists,129
23,human,619
23,evidence,412
23,pleistocene,401
23,paleolithic,399
23,modern,383
23,middle,369
23,cave,334
23,humans,319
23,university,315
23,eds,303
23,remains,265
23,upper,263
23,early,262
23,europe,257
23,evolution,252
23,press,248
23,new,237
23,africa,178
23,anthropology,164
23,stiner,164
23,hominids,157
23,bone,151
23,earliest,149
23,cambridge,146
23,homo,146
23,age,144
23,late,141
23,hominid,139
23,bp,138
23,journal,135
23,small,131
23,world,130
23,aurignacian,129
23,level,128
23,archaeological,124
23,stone,124
23,transition,119
23,hunting,118
23,bones,115
23,species,114
23,large,112
23,exploitation,111
23,asia,106
23,dated,105
23,last,103
23,lower,103
23,mellars,103
23,ka,101
23,ornaments,98
23,site,97
24,archaeology,1440
24,settlement,754
24,university,641
24,press,612
24,journal,534
24,europe,525
24,roman,523
24,eds,511
24,age,467
24,neolithic,465
24,collapse,409
24,springer,398
24,archaeol,385
24,sites,372
24,survey,370
24,res,327
24,early,298
24,bronze,292
24,ancient,284
24,change,279
24,landscape,273
24,oxford,264
24,mediterranean,256
24,history,254
24,cambridge,253
24,european,248
24,rome,232
24,late,228
24,regional,225
24,eastern,222
24,central,220
24,evidence,215
24,prehistoric,198
24,human,194
24,society,183
24,greece,182
24,middle,177
24,societies,173
24,western,172
24,enclosures,172
24,during,170
24,london,169
24,areas,168
24,region,167
24,social,161
24,period,158
24,southern,156
24,economy,153
24,systems,153
24,site,152
25,central,420
25,costa,406
25,rica,373
25,panama,327
25,university,304
25,cooke,267
25,america,261
25,american,260
25,eds,252
25,press,239
25,area,235
25,colombia,232
25,social,199
25,arqueología,190
25,archaeology,179
25,lange,176
25,new,156
25,chiefdoms,144
25,intermediate,139
25,ranere,138
25,south,137
25,region,133
25,cultural,130
25,stone,125
25,early,122
25,human,121
25,san,121
25,amazonia,121
25,hoopes,120
25,evidence,117
25,bogotá,116
25,ecuador,111
25,linares,108
25,antropología,107
25,prehistoric,105
25,gold,105
25,chibchan,103
25,museo,98
25,prehistory,97
25,piperno,96
25,cambridge,94
25,lower,91
25,museum,88
25,jade,88
25,tropical,87
25,washington,86
25,period,83
25,amazon,83
25,drennan,83
25,complex,82
26,archaeology,877
26,archaeological,751
26,gis,737
26,eds,631
26,methods,567
26,applications,436
26,computer,425
26,information,386
26,quantitative,377
26,data,375
26,systems,276
26,oxford,242
26,spatial,233
26,university,231
26,london,198
26,modeling,197
26,international,192
26,lock,189
26,past,182
26,series,182
26,new,175
26,site,169
26,sites,157
26,technology,147
26,computing,145
26,analysis,140
26,bar,138
26,space,134
26,use,130
26,press,126
26,national,125
26,using,124
26,kvamme,124
26,york,105
26,geographic,105
26,perspective,103
26,aarhus,103
26,geographical,101
26,system,96
26,remote,91
26,zubrow,89
26,sensing,88
26,example,87
26,archeologia,86
26,european,83
26,calcolatori,83
26,age,82
26,rahtz,82
26,database,81
26,museum,79
27,mexico,2726
27,mesoamerica,855
27,aztec,646
27,nacional,628
27,oaxaca,578
27,university,547
27,eds,506
27,historia,489
27,mesoamerican,460
27,instituto,438
27,smith,419
27,valley,419
27,press,395
27,period,395
27,méxico,374
27,coast,367
27,gulf,357
27,antropología,343
27,archaeology,341
27,early,331
27,west,325
27,formative,320
27,ancient,319
27,central,317
27,basin,310
27,teotihuacan,296
27,anthropology,287
27,state,286
27,postclassic,280
27,classic,276
27,universidad,270
27,research,269
27,sites,263
27,new,259
27,late,258
27,obsidian,254
27,occidente,250
27,san,250
27,mexican,249
27,studies,248
27,veracruz,248
27,arqueología,246
27,region,245
27,mixteca,238
27,western,227
27,michoacan,226
27,regional,222
27,ceramic,222
27,mixtee,222
27,culture,220
28,site,891
28,period,708
28,used,706
28,large,705
28,sites,700
28,excavations,692
28,found,586
28,dates,562
28,structures,553
28,dating,527
28,number,501
28,century,462
28,east,446
28,pottery,432
28,trade,424
28,date,385
28,phase,374
28,excavated,374
28,center,371
28,small,365
28,burials,352
28,culture,318
28,structure,311
28,radiocarbon,298
28,surface,292
28,excavation,277
28,north,271
28,areas,269
28,great,265
28,years,264
28,burial,250
28,near,249
28,ceramic,241
28,chronology,241
28,ceramics,238
28,main,236
28,remains,231
28,modern,230
28,location,228
28,associated,226
28,different,221
28,including,221
28,aveni,221
28,centuries,217
28,area,215
28,located,214
28,likely,209
28,knowledge,207
28,report,205
28,occupied,204
29,exchange,290
29,social,220
29,new,198
29,risk,198
29,food,192
29,production,181
29,okinawa,181
29,foraging,157
29,value,154
29,sharing,142
29,models,122
29,ecology,113
29,guinea,113
29,cooperation,106
29,group,102
29,winterhaider,95
29,evolutionary,91
29,evolution,89
29,model,88
29,behavioral,87
29,subsistence,86
29,selection,86
29,pig,85
29,agricultural,77
29,variance,77
29,okinawan,77
29,analysis,74
29,cambridge,74
29,function,74
29,reciprocity,74
29,resource,73
29,two,72
29,distribution,69
29,theory,69
29,outcome,68
29,individuals,66
29,theft,64
29,individual,63
29,cases,61
29,anthropology,61
29,highland,61
29,pigs,61
29,economic,60
29,given,60
29,behavior,60
29,studies,59
29,tactics,59
29,tolerated,59
29,gifts,56
29,press,55
30,archaeology,3503
30,historical,1524
30,press,1232
30,university,963
30,new,925
30,gender,793
30,eds,712
30,history,654
30,american,613
30,world,566
30,past,494
30,cambridge,487
30,social,485
30,women,430
30,archaeologists,422
30,york,418
30,material,376
30,culture,358
30,america,309
30,anthropology,271
30,century,256
30,class,253
30,london,250
30,power,243
30,cultural,208
30,race,208
30,archaeologies,206
30,oxford,205
30,society,200
30,plantation,199
30,life,198
30,north,195
30,ways,189
30,production,183
30,native,176
30,relations,175
30,anthropological,174
30,critical,170
30,african,166
30,capitalism,154
30,study,151
30,washington,150
30,feminist,148
30,practice,147
30,work,145
30,states,145
30,paradigm,140
30,academic,139
30,heritage,138
30,identity,136
31,archaeological,527
31,archaeology,527
31,virginia,455
31,middle,347
31,coastal,329
31,florida,315
31,university,306
31,atlantic,288
31,sites,272
31,woodland,270
31,press,265
31,late,257
31,new,256
31,early,256
31,research,247
31,american,246
31,north,240
31,site,239
31,archaic,231
31,native,209
31,region,194
31,period,192
31,custer,189
31,chesapeake,188
31,eds,181
31,during,157
31,eastern,152
31,pennsylvania,147
31,history,141
31,shell,136
31,department,134
31,island,133
31,cultural,131
31,america,130
31,studies,128
31,society,126
31,settlement,125
31,culture,122
31,journal,120
31,prehistoric,119
31,delaware,116
31,groups,114
31,recent,108
31,york,107
31,areas,103
31,georgia,103
31,northeast,102
31,point,101
31,century,100
31,springer,98
32,social,3315
32,culture,1726
32,groups,1593
32,cultural,1100
32,ethnic,851
32,different,833
32,identity,832
32,people,816
32,group,795
32,ethnicity,792
32,material,727
32,processes,521
32,interaction,499
32,diversity,435
32,practices,363
32,identities,356
32,boundaries,319
32,individuals,288
32,particular,264
32,ethnogenesis,255
32,ways,216
32,style,201
32,language,196
32,creation,187
32,created,179
32,understand,170
32,identify,165
32,members,163
32,change,161
32,shared,160
32,roles,156
32,making,153
32,units,143
32,physical,142
32,symbols,135
32,relationships,135
32,london,130
32,contact,126
32,difference,126
32,term,124
32,marked,122
32,maintenance,120
32,multiple,118
32,stylistic,118
32,categories,117
32,artifact,116
32,dynamics,116
32,peoples,116
32,kinds,115
32,identification,112
33,press,2427
33,university,2244
33,political,2027
33,eds,1605
33,social,1332
33,new,1233
33,cambridge,1213
33,state,1172
33,societies,1105
33,power,1020
33,world,972
33,complex,817
33,history,793
33,anthropology,774
33,evolution,755
33,systems,721
33,states,700
33,society,698
33,york,696
33,change,557
33,development,555
33,organization,532
33,control,524
33,system,510
33,cultural,491
33,economic,443
33,early,433
33,urban,404
33,theory,390
33,complexity,377
33,relations,371
33,chiefdoms,359
33,interaction,359
33,perspectives,348
33,anthropological,332
33,ancient,327
33,perspective,319
33,washington,308
33,hierarchy,308
33,hall,287
33,resources,286
33,feinman,283
33,review,274
33,polities,273
33,approaches,271
33,formation,270
33,approach,270
33,blanton,263
33,irrigation,260
33,core,258
34,early,526
34,near,518
34,settlement,497
34,mesopotamia,432
34,neolithic,429
34,east,422
34,eds,418
34,levant,381
34,archaeology,360
34,late,354
34,sites,328
34,northern,328
34,evidence,326
34,southern,322
34,archaeological,311
34,domestication,302
34,millennium,297
34,tell,294
34,new,285
34,during,260
34,research,255
34,social,253
34,change,242
34,natufian,242
34,uruk,231
34,site,213
34,period,209
34,syria,205
34,survey,198
34,wilkinson,198
34,iraq,196
34,eastern,188
34,population,180
34,areas,170
34,byrd,169
34,mesopotamian,164
34,middle,162
34,production,156
34,origins,154
34,rothman,154
34,area,153
34,settlements,152
34,international,151
34,oxford,148
34,region,146
34,jordan,146
34,journal,143
34,prehistory,137
34,upper,135
34,age,135
35,rcbp,412
35,siberia,356
35,sites,332
35,site,309
35,new,298
35,american,297
35,paleolithic,284
35,human,273
35,north,246
35,dates,235
35,world,233
35,early,229
35,late,221
35,pleistocene,220
35,america,209
35,clovis,209
35,lgm,209
35,evidence,193
35,peopling,193
35,upper,178
35,eds,175
35,river,174
35,years,162
35,northern,161
35,press,159
35,first,157
35,paleoindian,145
35,americas,144
35,mammoth,143
35,south,142
35,radiocarbon,142
35,university,141
35,research,141
35,science,139
35,central,136
35,beringia,136
35,date,132
35,americans,128
35,eastern,126
35,journal,121
35,western,120
35,found,118
35,age,118
35,springer,116
35,population,116
35,cultural,115
35,occupation,115
35,quaternary,115
35,asia,115
35,during,114
36,lithic,984
36,stone,878
36,tools,792
36,tool,689
36,analysis,524
36,technology,465
36,use,418
36,material,357
36,american,354
36,raw,334
36,journal,324
36,production,298
36,technological,282
36,reduction,271
36,studies,262
36,used,252
36,site,243
36,antiquity,229
36,eds,221
36,university,213
36,press,203
36,points,203
36,flake,193
36,debitage,192
36,different,188
36,study,178
36,sites,167
36,obsidian,166
36,artifacts,165
36,paleolithic,164
36,microwear,162
36,flakes,162
36,prehistoric,159
36,assemblages,159
36,early,151
36,science,150
36,middle,149
36,projectile,149
36,north,147
36,curation,144
36,с,142
36,techniques,141
36,organization,138
36,chert,138
36,materials,137
36,found,134
36,manufacture,133
36,types,127
36,retouch,127
36,experimental,123
37,archaeology,603
37,university,485
37,ohio,464
37,site,449
37,press,388
37,hopewell,380
37,illinois,378
37,eds,362
37,late,355
37,woodland,353
37,american,292
37,state,288
37,prehistoric,247
37,valley,234
37,eastern,220
37,research,214
37,sites,213
37,societies,204
37,new,199
37,museum,193
37,society,184
37,north,179
37,journal,176
37,county,160
37,hopewellian,158
37,middle,152
37,kent,146
37,anthropology,145
37,wisconsin,143
37,settlement,137
37,ontario,135
37,ancient,127
37,fort,125
37,america,124
37,people,123
37,midcontinental,121
37,antiquity,116
37,milner,115
37,oneota,114
37,culture,111
37,river,107
37,village,105
37,midcontinent,105
37,smith,104
37,kentucky,104
37,iowa,103
37,earthworks,101
37,community,99
37,historical,99
37,york,98
38,foraging,508
38,behavior,446
38,prey,394
38,journal,371
38,human,345
38,university,324
38,american,297
38,resources,284
38,ecology,282
38,press,272
38,binford,243
38,model,240
38,hawkes,232
38,smith,220
38,eds,219
38,anthropological,206
38,hunting,200
38,behavioral,197
38,connell,195
38,diet,189
38,resource,187
38,prehistoric,185
38,evolutionary,182
38,springer,181
38,use,180
38,archaeol,177
38,res,176
38,subsistence,173
38,models,165
38,rates,164
38,size,163
38,time,162
38,hunters,161
38,strategies,158
38,anthropology,157
38,patterns,157
38,processing,155
38,evidence,143
38,science,141
38,costs,141
38,jones,140
38,optimal,138
38,great,134
38,population,130
38,basin,128
38,grayson,128
38,bird,127
38,theory,126
38,transport,125
38,evolution,122
39,archaeology,506
39,caddoan,412
39,cultural,355
39,archaeological,305
39,crm,267
39,archeological,241
39,texas,224
39,management,208
39,arkansas,206
39,university,191
39,survey,186
39,american,175
39,resource,174
39,national,171
39,press,166
39,site,166
39,eds,164
39,research,162
39,area,149
39,river,121
39,resources,121
39,archeology,120
39,society,105
39,service,101
39,report,98
39,public,96
39,federal,92
39,sites,91
39,oklahoma,84
39,caddo,83
39,series,83
39,state,82
39,preservation,82
39,archaeologists,79
39,historical,78
39,park,78
39,mississippi,75
39,washington,74
39,newsletter,72
39,development,71
39,valley,70
39,smith,69
39,states,68
39,prehistoric,68
39,fayetteville,68
39,department,67
39,historic,66
39,conservation,66
39,united,65
39,rogers,65
40,household,1451
40,households,1158
40,domestic,1021
40,social,727
40,springer,631
40,res,580
40,press,521
40,ritual,480
40,archaeol,479
40,architecture,475
40,house,448
40,eds,436
40,houses,395
40,production,393
40,organization,348
40,community,320
40,gender,316
40,political,309
40,university,288
40,studies,278
40,residential,278
40,status,275
40,economic,251
40,space,250
40,activities,245
40,power,243
40,spatial,235
40,remains,231
40,areas,229
40,societies,223
40,women,223
40,communities,206
40,economy,201
40,village,197
40,structures,195
40,archaeologists,192
40,society,189
40,elite,188
40,architectural,181
40,material,178
40,use,169
40,work,158
40,identity,149
40,structure,136
40,prehispanic,131
40,wilk,131
40,relations,125
40,consumption,123
40,palaces,123
40,comparative,120
